{"external_return_per_episode": 0.0, "_timestamp": 1690386965.6772301, "_runtime": 48.25527310371399, "_step": 39, "_wandb": {"runtime": 47}}