{"external_return_per_episode": 0.9549331516027451, "_timestamp": 1690384122.7852402, "_runtime": 53.18610906600952, "_step": 39, "_wandb": {"runtime": 52}}