{"external_return_per_episode": 0.0, "_timestamp": 1690386045.6441169, "_runtime": 88.1735348701477, "_step": 64}