{"mean_rreturn_per_episode_mean": 0.0, "batch_entropy_mean": 1.9421802908182144, "_timestamp": 1694369226.128114, "_runtime": 8.730295896530151, "_step": 4, "_wandb": {"runtime": 8}}