{"external_return_per_episode": 0.9549331516027451, "_timestamp": 1690386410.61625, "_runtime": 53.69625806808472, "_step": 39, "_wandb": {"runtime": 52}}