{"mean_rreturn_per_episode_mean": 0.0, "batch_entropy_mean": 1.936018705368042, "_timestamp": 1694369430.297824, "_runtime": 27.877867937088013, "_step": 18, "_wandb": {"runtime": 27}}