{"external_return_per_episode": 0.0, "_timestamp": 1690385790.170806, "_runtime": 53.82121181488037, "_step": 39, "_wandb": {"runtime": 52}}