{"mean_rreturn_per_episode_mean": 0.0, "batch_entropy_mean": 1.9436222314834595, "_timestamp": 1694428981.961232, "_runtime": 57.728168964385986, "_step": 38, "_wandb": {"runtime": 57}}